Sr.,TIN Number,Hardware Version,mac address,image metadata,ledCommands
31,EN0010000031,F52H,FF:19:9B:24:12:E7,EN0010000031 V2.1-080529 2.66 BWRY F52H,"[+]led,FF:19:9B:24:12:E7"
32,EN0010000032,F52H,D9:0C:E8:63:DC:60,EN0010000032 V2.1-080529 2.66 BWRY F52H,"[+]led,D9:0C:E8:63:DC:60"
33,EN0010000033,F52H,D5:17:EE:36:FB:46,EN0010000033 V2.1-080529 2.66 BWRY F52H,"[+]led,D5:17:EE:36:FB:46"
34,EN0010000034,F52H,EC:98:6B:82:05:A2,EN0010000034 V2.1-080529 2.66 BWRY F52H,"[+]led,EC:98:6B:82:05:A2"
35,EN0010000035,F52H,F9:7A:FD:C2:EE:45,EN0010000035 V2.1-080529 2.66 BWRY F52H,"[+]led,F9:7A:FD:C2:EE:45"
36,EN0010000036,F52H,C9:28:EF:5A:0D:4A,EN0010000036 V2.1-080529 2.66 BWRY F52H,"[+]led,C9:28:EF:5A:0D:4A"
37,EN0010000037,F52H,F1:77:73:BD:56:46,EN0010000037 V2.1-080529 2.66 BWRY F52H,"[+]led,F1:77:73:BD:56:46"
38,EN0010000038,F52H,E6:A8:EC:44:8D:AB,EN0010000038 V2.1-080529 2.66 BWRY F52H,"[+]led,E6:A8:EC:44:8D:AB"
39,EN0010000039,F52H,C7:60:F4:AE:D4:1B,EN0010000039 V2.1-080529 2.66 BWRY F52H,"[+]led,C7:60:F4:AE:D4:1B"
40,EN0010000040,F52H,C9:BE:D5:92:07:18,EN0010000040 V2.1-080529 2.66 BWRY F52H,"[+]led,C9:BE:D5:92:07:18"
41,EN0010000041,F52H,F3:14:EE:07:82:23,EN0010000041 V2.1-080529 2.66 BWRY F52H,"[+]led,F3:14:EE:07:82:23"
42,EN0010000042,F52H,D7:BC:4D:4C:6D:EC,EN0010000042 V2.1-080529 2.66 BWRY F52H,"[+]led,D7:BC:4D:4C:6D:EC"
43,EN0010000043,F52H,EB:59:D8:4B:5E:BC,EN0010000043 V2.1-080529 2.66 BWRY F52H,"[+]led,EB:59:D8:4B:5E:BC"
44,EN0010000044,F52H,E5:0C:B2:11:EB:A4,EN0010000044 V2.1-080529 2.66 BWRY F52H,"[+]led,E5:0C:B2:11:EB:A4"
45,EN0010000045,F52H,F0:D1:AC:65:8E:CC,EN0010000045 V2.1-080529 2.66 BWRY F52H,"[+]led,F0:D1:AC:65:8E:CC"
46,EN0010000046,F52H,DC:CA:23:11:A5:4B,EN0010000046 V2.1-080529 2.66 BWRY F52H,"[+]led,DC:CA:23:11:A5:4B"
47,EN0010000047,F52H,C6:51:F1:10:A9:83,EN0010000047 V2.1-080529 2.66 BWRY F52H,"[+]led,C6:51:F1:10:A9:83"
48,EN0010000048,F52H,EE:1D:FD:1A:A0:82,EN0010000048 V2.1-080529 2.66 BWRY F52H,"[+]led,EE:1D:FD:1A:A0:82"
49,EN0010000049,F52H,F1:EF:64:9E:8A:73,EN0010000049 V2.1-080529 2.66 BWRY F52H,"[+]led,F1:EF:64:9E:8A:73"
50,EN0010000050,F52H,D5:F4:2C:21:20:BD,EN0010000050 V2.1-080529 2.66 BWRY F52H,"[+]led,D5:F4:2C:21:20:BD"
51,EN0010000051,F52H,C1:02:C5:0C:38:27,EN0010000051 V2.1-080529 2.66 BWRY F52H,"[+]led,C1:02:C5:0C:38:27"
52,EN0010000052,F52H,E1:44:13:B1:55:77,EN0010000052 V2.1-080529 2.66 BWRY F52H,"[+]led,E1:44:13:B1:55:77"
53,EN0010000053,F52H,EC:33:37:FA:B2:03,EN0010000053 V2.1-080529 2.66 BWRY F52H,"[+]led,EC:33:37:FA:B2:03"
54,EN0010000054,F52H,EF:41:B0:49:1F:67,EN0010000054 V2.1-080529 2.66 BWRY F52H,"[+]led,EF:41:B0:49:1F:67"
55,EN0010000055,F52H,DD:F1:86:5E:F5:48,EN0010000055 V2.1-080529 2.66 BWRY F52H,"[+]led,DD:F1:86:5E:F5:48"
56,EN0010000056,F52H,EB:8F:93:A1:8B:2B,EN0010000056 V2.1-080529 2.66 BWRY F52H,"[+]led,EB:8F:93:A1:8B:2B"
57,EN0010000057,F52H,CE:30:14:99:AB:5E,EN0010000057 V2.1-080529 2.66 BWRY F52H,"[+]led,CE:30:14:99:AB:5E"
58,EN0010000058,F52H,EE:CD:FD:96:F2:5C,EN0010000058 V2.1-080529 2.66 BWRY F52H,"[+]led,EE:CD:FD:96:F2:5C"
59,EN0010000059,F52H,CD:29:FC:5A:18:4A,EN0010000059 V2.1-080529 2.66 BWRY F52H,"[+]led,CD:29:FC:5A:18:4A"
60,EN0010000060,F52H,DD:9E:D5:E6:F7:F2,EN0010000060 V2.1-080529 2.66 BWRY F52H,"[+]led,DD:9E:D5:E6:F7:F2"
61,EN0010000061,F52H,E5:77:EE:54:2A:A7,EN0010000061 V2.1-080529 2.66 BWRY F52H,"[+]led,E5:77:EE:54:2A:A7"
62,EN0010000062,F52H,FF:9E:DA:0B:BE:3E,EN0010000062 V2.1-080529 2.66 BWRY F52H,"[+]led,FF:9E:DA:0B:BE:3E"
63,EN0010000063,F52H,F9:CC:FF:5A:90:7B,EN0010000063 V2.1-080529 2.66 BWRY F52H,"[+]led,F9:CC:FF:5A:90:7B"
64,EN0010000064,F52H,C0:45:02:D1:83:01,EN0010000064 V2.1-080529 2.66 BWRY F52H,"[+]led,C0:45:02:D1:83:01"
65,EN0010000065,F52H,CD:D7:EA:65:57:81,EN0010000065 V2.1-080529 2.66 BWRY F52H,"[+]led,CD:D7:EA:65:57:81"
66,EN0010000066,F52H,F5:06:45:73:15:9C,EN0010000066 V2.1-080529 2.66 BWRY F52H,"[+]led,F5:06:45:73:15:9C"
67,EN0010000067,F52H,C2:E6:50:2A:21:18,EN0010000067 V2.1-080529 2.66 BWRY F52H,"[+]led,C2:E6:50:2A:21:18"
68,EN0010000068,F52H,C4:B9:20:51:A8:F4,EN0010000068 V2.1-080529 2.66 BWRY F52H,"[+]led,C4:B9:20:51:A8:F4"
69,EN0010000069,F52H,F4:BC:F7:E9:C8:19,EN0010000069 V2.1-080529 2.66 BWRY F52H,"[+]led,F4:BC:F7:E9:C8:19"
70,EN0010000070,F52H,C3:78:EC:C8:99:6E,EN0010000070 V2.1-080529 2.66 BWRY F52H,"[+]led,C3:78:EC:C8:99:6E"
71,EN0010000071,F52H,E8:E8:FF:E6:41:EA,EN0010000071 V2.1-080529 2.66 BWRY F52H,"[+]led,E8:E8:FF:E6:41:EA"
72,EN0010000072,F52H,EA:DE:69:82:AA:DF,EN0010000072 V2.1-080529 2.66 BWRY F52H,"[+]led,EA:DE:69:82:AA:DF"
73,EN0010000073,F52H,DA:B4:88:84:D6:72,EN0010000073 V2.1-080529 2.66 BWRY F52H,"[+]led,DA:B4:88:84:D6:72"
74,EN0010000074,F52H,CE:09:9D:E0:94:28,EN0010000074 V2.1-080529 2.66 BWRY F52H,"[+]led,CE:09:9D:E0:94:28"
75,EN0010000075,F52H,E6:D5:FE:4C:A0:A8,EN0010000075 V2.1-080529 2.66 BWRY F52H,"[+]led,E6:D5:FE:4C:A0:A8"
76,EN0010000076,F52H,E0:8A:FB:0A:67:F0,EN0010000076 V2.1-080529 2.66 BWRY F52H,"[+]led,E0:8A:FB:0A:67:F0"
77,EN0010000077,F52H,FD:17:BB:89:A6:35,EN0010000077 V2.1-080529 2.66 BWRY F52H,"[+]led,FD:17:BB:89:A6:35"
78,EN0010000078,F52H,CA:1A:E5:AE:05:93,EN0010000078 V2.1-080529 2.66 BWRY F52H,"[+]led,CA:1A:E5:AE:05:93"
79,EN0010000079,F52H,E0:E8:05:EA:14:DB,EN0010000079 V2.1-080529 2.66 BWRY F52H,"[+]led,E0:E8:05:EA:14:DB"
80,EN0010000080,F52H,CD:72:92:A1:57:95,EN0010000080 V2.1-080529 2.66 BWRY F52H,"[+]led,CD:72:92:A1:57:95"
81,EN0010000081,F52H,CA:80:EA:5D:93:D9,EN0010000081 V2.1-080529 2.66 BWRY F52H,"[+]led,CA:80:EA:5D:93:D9"
82,EN0010000082,F52H,C4:E6:68:82:2C:3C,EN0010000082 V2.1-080529 2.66 BWRY F52H,"[+]led,C4:E6:68:82:2C:3C"
83,EN0010000083,F52H,C1:B2:96:5B:51:C2,EN0010000083 V2.1-080529 2.66 BWRY F52H,"[+]led,C1:B2:96:5B:51:C2"
84,EN0010000084,F52H,D8:F7:DA:B4:B3:7F,EN0010000084 V2.1-080529 2.66 BWRY F52H,"[+]led,D8:F7:DA:B4:B3:7F"
85,EN0010000085,F52H,D8:F9:CF:C9:1B:22,EN0010000085 V2.1-080529 2.66 BWRY F52H,"[+]led,D8:F9:CF:C9:1B:22"
86,EN0010000086,F52H,F8:24:0D:70:8C:71,EN0010000086 V2.1-080529 2.66 BWRY F52H,"[+]led,F8:24:0D:70:8C:71"
87,EN0010000087,F52H,C8:AE:CC:80:2B:6A,EN0010000087 V2.1-080529 2.66 BWRY F52H,"[+]led,C8:AE:CC:80:2B:6A"
88,EN0010000088,F52H,CB:81:D5:18:23:78,EN0010000088 V2.1-080529 2.66 BWRY F52H,"[+]led,CB:81:D5:18:23:78"
89,EN0010000089,F52H,C1:05:26:9A:B3:5D,EN0010000089 V2.1-080529 2.66 BWRY F52H,"[+]led,C1:05:26:9A:B3:5D"
90,EN0010000090,F52H,E6:82:57:EA:5F:0B,EN0010000090 V2.1-080529 2.66 BWRY F52H,"[+]led,E6:82:57:EA:5F:0B"
91,EN0010000091,F52H,C2:C7:AD:EC:CB:DE,EN0010000091 V2.1-080529 2.66 BWRY F52H,"[+]led,C2:C7:AD:EC:CB:DE"
92,EN0010000092,F52H,D3:53:A4:B7:EB:A3,EN0010000092 V2.1-080529 2.66 BWRY F52H,"[+]led,D3:53:A4:B7:EB:A3"
93,EN0010000093,F52H,C0:DD:7F:AB:5F:3B,EN0010000093 V2.1-080529 2.66 BWRY F52H,"[+]led,C0:DD:7F:AB:5F:3B"
94,EN0010000094,F52H,C6:89:14:43:C8:A8,EN0010000094 V2.1-080529 2.66 BWRY F52H,"[+]led,C6:89:14:43:C8:A8"
95,EN0010000095,F52H,F4:7C:F7:17:07:3F,EN0010000095 V2.1-080529 2.66 BWRY F52H,"[+]led,F4:7C:F7:17:07:3F"
96,EN0010000096,F52H,C6:5B:FB:99:07:21,EN0010000096 V2.1-080529 2.66 BWRY F52H,"[+]led,C6:5B:FB:99:07:21"
97,EN0010000097,F52H,E0:A2:48:29:EB:CB,EN0010000097 V2.1-080529 2.66 BWRY F52H,"[+]led,E0:A2:48:29:EB:CB"
98,EN0010000098,F52H,C6:A3:CC:D7:12:61,EN0010000098 V2.1-080529 2.66 BWRY F52H,"[+]led,C6:A3:CC:D7:12:61"
99,EN0010000099,F52H,C0:A9:06:D9:FA:8B,EN0010000099 V2.1-080529 2.66 BWRY F52H,"[+]led,C0:A9:06:D9:FA:8B"
100,EN0010000100,F52H,EC:ED:06:9E:97:DA,EN0010000100 V2.1-080529 2.66 BWRY F52H,"[+]led,EC:ED:06:9E:97:DA"
101,EN0010000101,F52H,E2:B9:ED:00:33:7F,EN0010000101 V2.1-080529 2.66 BWRY F52H,"[+]led,E2:B9:ED:00:33:7F"
102,EN0010000102,F52H,C2:3A:FC:E0:F8:3B,EN0010000102 V2.1-080529 2.66 BWRY F52H,"[+]led,C2:3A:FC:E0:F8:3B"
103,EN0010000103,F52H,E1:C6:13:52:5C:8F,EN0010000103 V2.1-080529 2.66 BWRY F52H,"[+]led,E1:C6:13:52:5C:8F"
104,EN0010000104,F52H,C4:C7:61:6B:D7:CE,EN0010000104 V2.1-080529 2.66 BWRY F52H,"[+]led,C4:C7:61:6B:D7:CE"
105,EN0010000105,F52H,F0:68:FF:44:D0:A8,EN0010000105 V2.1-080529 2.66 BWRY F52H,"[+]led,F0:68:FF:44:D0:A8"
106,EN0010000106,F52H,F9:F6:86:71:FA:15,EN0010000106 V2.1-080529 2.66 BWRY F52H,"[+]led,F9:F6:86:71:FA:15"
107,EN0010000107,F52H,C2:E0:2F:0C:83:26,EN0010000107 V2.1-080529 2.66 BWRY F52H,"[+]led,C2:E0:2F:0C:83:26"
108,EN0010000108,F52H,E1:CE:45:CC:AC:C4,EN0010000108 V2.1-080529 2.66 BWRY F52H,"[+]led,E1:CE:45:CC:AC:C4"
109,EN0010000109,F52H,E0:61:FE:45:7D:3B,EN0010000109 V2.1-080529 2.66 BWRY F52H,"[+]led,E0:61:FE:45:7D:3B"
110,EN0010000110,F52H,C7:B7:6E:B3:B1:6A,EN0010000110 V2.1-080529 2.66 BWRY F52H,"[+]led,C7:B7:6E:B3:B1:6A"
111,EN0010000111,F52H,F9:DC:6B:73:F4:6C,EN0010000111 V2.1-080529 2.66 BWRY F52H,"[+]led,F9:DC:6B:73:F4:6C"
112,EN0010000112,F52H,EE:4A:FC:10:A9:36,EN0010000112 V2.1-080529 2.66 BWRY F52H,"[+]led,EE:4A:FC:10:A9:36"
113,EN0010000113,F52H,C3:4B:01:70:86:65,EN0010000113 V2.1-080529 2.66 BWRY F52H,"[+]led,C3:4B:01:70:86:65"
114,EN0010000114,F52H,FA:F8:86:57:1E:F2,EN0010000114 V2.1-080529 2.66 BWRY F52H,"[+]led,FA:F8:86:57:1E:F2"
115,EN0010000115,F52H,D1:6E:33:B3:34:D7,EN0010000115 V2.1-080529 2.66 BWRY F52H,"[+]led,D1:6E:33:B3:34:D7"
116,EN0010000116,F52H,FD:B3:FC:96:1B:E1,EN0010000116 V2.1-080529 2.66 BWRY F52H,"[+]led,FD:B3:FC:96:1B:E1"
,,,,,"[+]led,"
,,,,,"[+]led,"
117,EN0010000117,F52H,E3:98:6C:37:CB:14,EN0010000117 V2.1-080529 2.66 BWRY F52H,"[+]led,E3:98:6C:37:CB:14"
118,EN0010000118,F52H,EB:9F:A5:4D:3F:64,EN0010000118 V2.1-080529 2.66 BWRY F52H,"[+]led,EB:9F:A5:4D:3F:64"
119,EN0010000119,F52H,E7:93:CF:62:C3:AE,EN0010000119 V2.1-080529 2.66 BWRY F52H,"[+]led,E7:93:CF:62:C3:AE"
120,EN0010000120,F52H,D5:BA:88:88:8B:06,EN0010000120 V2.1-080529 2.66 BWRY F52H,"[+]led,D5:BA:88:88:8B:06"
121,EN0010000121,F52H,CF:A9:58:E8:57:B5,EN0010000121 V2.1-080529 2.66 BWRY F52H,"[+]led,CF:A9:58:E8:57:B5"
122,EN0010000122,F52H,F7:88:E0:D9:87:CD,EN0010000122 V2.1-080529 2.66 BWRY F52H,"[+]led,F7:88:E0:D9:87:CD"
123,EN0010000123,F52H,D8:CE:FD:6A:91:9A,EN0010000123 V2.1-080529 2.66 BWRY F52H,"[+]led,D8:CE:FD:6A:91:9A"
124,EN0010000124,F52H,E0:C1:01:AC:45:EE,EN0010000124 V2.1-080529 2.66 BWRY F52H,"[+]led,E0:C1:01:AC:45:EE"
125,EN0010000125,F52H,FF:41:83:E0:E8:F0,EN0010000125 V2.1-080529 2.66 BWRY F52H,"[+]led,FF:41:83:E0:E8:F0"
126,EN0010000126,F52H,DA:5B:35:B8:3C:26,EN0010000126 V2.1-080529 2.66 BWRY F52H,"[+]led,DA:5B:35:B8:3C:26"
127,EN0010000127,F52H,C3:1A:A0:C1:4C:97,EN0010000127 V2.1-080529 2.66 BWRY F52H,"[+]led,C3:1A:A0:C1:4C:97"
128,EN0010000128,F52H,F7:37:D5:0B:49:FA,EN0010000128 V2.1-080529 2.66 BWRY F52H,"[+]led,F7:37:D5:0B:49:FA"
129,EN0010000129,F52H,E3:11:56:2B:14:5E,EN0010000129 V2.1-080529 2.66 BWRY F52H,"[+]led,E3:11:56:2B:14:5E"
130,EN0010000130,F52H,C6:FF:97:EF:75:CC,EN0010000130 V2.1-080529 2.66 BWRY F52H,"[+]led,C6:FF:97:EF:75:CC"
131,EN0010000131,F52H,F5:86:D4:B2:6D:10,EN0010000131 V2.1-080529 2.66 BWRY F52H,"[+]led,F5:86:D4:B2:6D:10"
132,EN0010000132,F52H,C3:28:60:02:9E:00,EN0010000132 V2.1-080529 2.66 BWRY F52H,"[+]led,C3:28:60:02:9E:00"
133,EN0010000133,F52H,E5:E6:47:47:61:3A,EN0010000133 V2.1-080529 2.66 BWRY F52H,"[+]led,E5:E6:47:47:61:3A"
134,EN0010000134,F52H,E4:B2:8C:3D:92:03,EN0010000134 V2.1-080529 2.66 BWRY F52H,"[+]led,E4:B2:8C:3D:92:03"
135,EN0010000135,F52H,E2:06:32:1B:27:37,EN0010000135 V2.1-080529 2.66 BWRY F52H,"[+]led,E2:06:32:1B:27:37"
136,EN0010000136,F52H,C1:95:93:72:A6:68,EN0010000136 V2.1-080529 2.66 BWRY F52H,"[+]led,C1:95:93:72:A6:68"
137,EN0010000137,F52H,C7:9B:3B:2D:5C:B0,EN0010000137 V2.1-080529 2.66 BWRY F52H,"[+]led,C7:9B:3B:2D:5C:B0"
138,EN0010000138,F52H,EA:58:CF:E8:6D:82,EN0010000138 V2.1-080529 2.66 BWRY F52H,"[+]led,EA:58:CF:E8:6D:82"
139,EN0010000139,F52H,DE:2F:FD:4A:C4:A0,EN0010000139 V2.1-080529 2.66 BWRY F52H,"[+]led,DE:2F:FD:4A:C4:A0"
140,EN0010000140,F52H,E4:F7:FF:2F:74:86,EN0010000140 V2.1-080529 2.66 BWRY F52H,"[+]led,E4:F7:FF:2F:74:86"
141,EN0010000141,F52H,FC:22:FF:E1:7B:A7,EN0010000141 V2.1-080529 2.66 BWRY F52H,"[+]led,FC:22:FF:E1:7B:A7"
142,EN0010000142,F52H,FD:6D:A6:BF:8F:DC,EN0010000142 V2.1-080529 2.66 BWRY F52H,"[+]led,FD:6D:A6:BF:8F:DC"
143,EN0010000143,F52H,FD:CC:FD:A6:B4:CD,EN0010000143 V2.1-080529 2.66 BWRY F52H,"[+]led,FD:CC:FD:A6:B4:CD"
144,EN0010000144,F52H,D0:9D:B0:72:F2:A3,EN0010000144 V2.1-080529 2.66 BWRY F52H,"[+]led,D0:9D:B0:72:F2:A3"
145,EN0010000145,F52H,F0:1C:95:0D:98:DB,EN0010000145 V2.1-080529 2.66 BWRY F52H,"[+]led,F0:1C:95:0D:98:DB"
146,EN0010000146,F52H,D1:5B:FD:06:0C:8B,EN0010000146 V2.1-080529 2.66 BWRY F52H,"[+]led,D1:5B:FD:06:0C:8B"
147,EN0010000147,F52H,C7:5A:D2:E1:F3:07,EN0010000147 V2.1-080529 2.66 BWRY F52H,"[+]led,C7:5A:D2:E1:F3:07"
148,EN0010000148,F52H,DD:34:8A:AC:CA:42,EN0010000148 V2.1-080529 2.66 BWRY F52H,"[+]led,DD:34:8A:AC:CA:42"
149,EN0010000149,F52H,D7:3A:FF:7F:BB:E1,EN0010000149 V2.1-080529 2.66 BWRY F52H,"[+]led,D7:3A:FF:7F:BB:E1"
150,EN0010000150,F52H,D7:AC:4E:DA:A0:D7,EN0010000150 V2.1-080529 2.66 BWRY F52H,"[+]led,D7:AC:4E:DA:A0:D7"
151,EN0010000151,F52H,D2:AD:EE:C8:59:4B,EN0010000151 V2.1-080529 2.66 BWRY F52H,"[+]led,D2:AD:EE:C8:59:4B"
152,EN0010000152,F52H,D9:81:FE:3A:AC:9B,EN0010000152 V2.1-080529 2.66 BWRY F52H,"[+]led,D9:81:FE:3A:AC:9B"
153,EN0010000153,F52H,CA:CD:ED:9B:A8:D2,EN0010000153 V2.1-080529 2.66 BWRY F52H,"[+]led,CA:CD:ED:9B:A8:D2"
154,EN0010000154,F52H,DB:39:FE:0E:54:C2,EN0010000154 V2.1-080529 2.66 BWRY F52H,"[+]led,DB:39:FE:0E:54:C2"
155,EN0010000155,F52H,FD:09:D3:49:F7:D4,EN0010000155 V2.1-080529 2.66 BWRY F52H,"[+]led,FD:09:D3:49:F7:D4"
156,EN0010000156,F52H,E7:DE:9D:DF:85:FC,EN0010000156 V2.1-080529 2.66 BWRY F52H,"[+]led,E7:DE:9D:DF:85:FC"
157,EN0010000157,F52H,C2:41:2D:26:2F:C2,EN0010000157 V2.1-080529 2.66 BWRY F52H,"[+]led,C2:41:2D:26:2F:C2"
158,EN0010000158,F52H,DB:49:8D:35:EC:42,EN0010000158 V2.1-080529 2.66 BWRY F52H,"[+]led,DB:49:8D:35:EC:42"
159,EN0010000159,F52H,F3:CA:FC:90:BB:74,EN0010000159 V2.1-080529 2.66 BWRY F52H,"[+]led,F3:CA:FC:90:BB:74"
160,EN0010000160,F52H,E8:D5:EC:59:AA:49,EN0010000160 V2.1-080529 2.66 BWRY F52H,"[+]led,E8:D5:EC:59:AA:49"
161,EN0010000161,F52H,DC:2D:FC:C8:22:03,EN0010000161 V2.1-080529 2.66 BWRY F52H,"[+]led,DC:2D:FC:C8:22:03"
162,EN0010000162,F52H,C8:F8:E1:E8:E2:6E,EN0010000162 V2.1-080529 2.66 BWRY F52H,"[+]led,C8:F8:E1:E8:E2:6E"
163,EN0010000163,F52H,D7:1D:81:75:4E:55,EN0010000163 V2.1-080529 2.66 BWRY F52H,"[+]led,D7:1D:81:75:4E:55"
164,EN0010000164,F52H,F0:64:28:D7:C4:8E,EN0010000164 V2.1-080529 2.66 BWRY F52H,"[+]led,F0:64:28:D7:C4:8E"
165,EN0010000165,F52H,E8:B3:F9:3D:BE:23,EN0010000165 V2.1-080529 2.66 BWRY F52H,"[+]led,E8:B3:F9:3D:BE:23"
166,EN0010000166,F52H,C8:94:A2:61:41:A3,EN0010000166 V2.1-080529 2.66 BWRY F52H,"[+]led,C8:94:A2:61:41:A3"
167,EN0010000167,F52H,D6:88:0F:9C:19:7A,EN0010000167 V2.1-080529 2.66 BWRY F52H,"[+]led,D6:88:0F:9C:19:7A"
168,EN0010000168,F52H,EC:5E:ED:15:CE:FB,EN0010000168 V2.1-080529 2.66 BWRY F52H,"[+]led,EC:5E:ED:15:CE:FB"
169,EN0010000169,F52H,CB:E7:A4:B4:C9:3E,EN0010000169 V2.1-080529 2.66 BWRY F52H,"[+]led,CB:E7:A4:B4:C9:3E"
170,EN0010000170,F52H,DD:3B:C3:E1:A6:C6,EN0010000170 V2.1-080529 2.66 BWRY F52H,"[+]led,DD:3B:C3:E1:A6:C6"
171,EN0010000171,F52H,D5:34:08:38:55:68,EN0010000171 V2.1-080529 2.66 BWRY F52H,"[+]led,D5:34:08:38:55:68"
172,EN0010000172,F52H,D7:56:A5:3C:62:E1,EN0010000172 V2.1-080529 2.66 BWRY F52H,"[+]led,D7:56:A5:3C:62:E1"
173,EN0010000173,F52H,E3:73:13:10:D2:A4,EN0010000173 V2.1-080529 2.66 BWRY F52H,"[+]led,E3:73:13:10:D2:A4"
174,EN0010000174,F52H,DB:00:EA:D6:05:4B,EN0010000174 V2.1-080529 2.66 BWRY F52H,"[+]led,DB:00:EA:D6:05:4B"
175,EN0010000175,F52H,E2:C3:A5:A4:06:3B,EN0010000175 V2.1-080529 2.66 BWRY F52H,"[+]led,E2:C3:A5:A4:06:3B"
176,EN0010000176,F52H,D9:6B:68:56:48:68,EN0010000176 V2.1-080529 2.66 BWRY F52H,"[+]led,D9:6B:68:56:48:68"
177,EN0010000177,F52H,D3:61:EF:52:79:E4,EN0010000177 V2.1-080529 2.66 BWRY F52H,"[+]led,D3:61:EF:52:79:E4"
178,EN0010000178,F52H,C5:FF:F6:A4:6E:E6,EN0010000178 V2.1-080529 2.66 BWRY F52H,"[+]led,C5:FF:F6:A4:6E:E6"
179,EN0010000179,F52H,C0:46:BB:A7:D1:3E,EN0010000179 V2.1-080529 2.66 BWRY F52H,"[+]led,C0:46:BB:A7:D1:3E"
180,EN0010000180,F52H,D5:8C:34:D4:89:1F,EN0010000180 V2.1-080529 2.66 BWRY F52H,"[+]led,D5:8C:34:D4:89:1F"
181,EN0010000181,F52H,D4:FC:FF:64:CD:CA,EN0010000181 V2.1-080529 2.66 BWRY F52H,"[+]led,D4:FC:FF:64:CD:CA"
182,EN0010000182,F52H,C2:E8:BC:B2:80:4F,EN0010000182 V2.1-080529 2.66 BWRY F52H,"[+]led,C2:E8:BC:B2:80:4F"
183,EN0010000183,F52H,D8:E1:FE:4D:C1:E7,EN0010000183 V2.1-080529 2.66 BWRY F52H,"[+]led,D8:E1:FE:4D:C1:E7"
184,EN0010000184,F52H,F2:75:F0:2F:46:1D,EN0010000184 V2.1-080529 2.66 BWRY F52H,"[+]led,F2:75:F0:2F:46:1D"
185,EN0010000185,F52H,DD:6F:5F:57:77:83,EN0010000185 V2.1-080529 2.66 BWRY F52H,"[+]led,DD:6F:5F:57:77:83"
186,EN0010000186,F52H,CC:69:57:B4:15:C5,EN0010000186 V2.1-080529 2.66 BWRY F52H,"[+]led,CC:69:57:B4:15:C5"
187,EN0010000187,F52H,C6:A6:4B:5E:EC:9B,EN0010000187 V2.1-080529 2.66 BWRY F52H,"[+]led,C6:A6:4B:5E:EC:9B"
188,EN0010000188,F52H,F2:1A:EC:DD:1B:89,EN0010000188 V2.1-080529 2.66 BWRY F52H,"[+]led,F2:1A:EC:DD:1B:89"
189,EN0010000189,F52H,E0:55:6D:FD:98:48,EN0010000189 V2.1-080529 2.66 BWRY F52H,"[+]led,E0:55:6D:FD:98:48"
190,EN0010000190,F52H,FE:11:6D:50:8A:64,EN0010000190 V2.1-080529 2.66 BWRY F52H,"[+]led,FE:11:6D:50:8A:64"
191,EN0010000191,F52H,FB:A8:6C:CC:4A:D3,EN0010000191 V2.1-080529 2.66 BWRY F52H,"[+]led,FB:A8:6C:CC:4A:D3"
192,EN0010000192,F52H,CA:97:50:2B:A1:1A,EN0010000192 V2.1-080529 2.66 BWRY F52H,"[+]led,CA:97:50:2B:A1:1A"
193,EN0010000193,F52H,C5:5D:FF:FF:C7:49,EN0010000193 V2.1-080529 2.66 BWRY F52H,"[+]led,C5:5D:FF:FF:C7:49"
194,EN0010000194,F52H,F7:7D:FF:75:A9:19,EN0010000194 V2.1-080529 2.66 BWRY F52H,"[+]led,F7:7D:FF:75:A9:19"
195,EN0010000195,F52H,F5:B1:F8:92:FC:43,EN0010000195 V2.1-080529 2.66 BWRY F52H,"[+]led,F5:B1:F8:92:FC:43"
196,EN0010000196,F52H,CF:1C:DF:AB:3F:35,EN0010000196 V2.1-080529 2.66 BWRY F52H,"[+]led,CF:1C:DF:AB:3F:35"
197,EN0010000197,F52H,C5:CB:B2:B6:A4:A6,EN0010000197 V2.1-080529 2.66 BWRY F52H,"[+]led,C5:CB:B2:B6:A4:A6"
198,EN0010000198,F52H,FD:85:D5:CF:D6:36,EN0010000198 V2.1-080529 2.66 BWRY F52H,"[+]led,FD:85:D5:CF:D6:36"
199,EN0010000199,F52H,C6:79:F6:4D:EF:1F,EN0010000199 V2.1-080529 2.66 BWRY F52H,"[+]led,C6:79:F6:4D:EF:1F"
200,EN0010000200,F52H,CB:59:C6:E4:8E:E4,EN0010000200 V2.1-080529 2.66 BWRY F52H,"[+]led,CB:59:C6:E4:8E:E4"
201,EN0010000201,F52H,DE:0B:AD:9D:36:7E,EN0010000201 V2.1-080529 2.66 BWRY F52H,"[+]led,DE:0B:AD:9D:36:7E"
202,EN0010000202,F52H,C0:40:93:01:A9:4F,EN0010000202 V2.1-080529 2.66 BWRY F52H,"[+]led,C0:40:93:01:A9:4F"
203,EN0010000203,F52H,F2:E0:F9:FA:44:0E,EN0010000203 V2.1-080529 2.66 BWRY F52H,"[+]led,F2:E0:F9:FA:44:0E"
204,EN0010000204,F52H,F9:C4:F9:7B:BE:B0,EN0010000204 V2.1-080529 2.66 BWRY F52H,"[+]led,F9:C4:F9:7B:BE:B0"
205,EN0010000205,F52H,D3:75:A3:AE:C0:7D,EN0010000205 V2.1-080529 2.66 BWRY F52H,"[+]led,D3:75:A3:AE:C0:7D"
206,EN0010000206,F52H,C6:86:78:01:C3:2D,EN0010000206 V2.1-080529 2.66 BWRY F52H,"[+]led,C6:86:78:01:C3:2D"
207,EN0010000207,F52H,F5:34:E4:49:0A:C1,EN0010000207 V2.1-080529 2.66 BWRY F52H,"[+]led,F5:34:E4:49:0A:C1"
208,EN0010000208,F52H,CF:E4:EF:20:0A:31,EN0010000208 V2.1-080529 2.66 BWRY F52H,"[+]led,CF:E4:EF:20:0A:31"
209,EN0010000209,F52H,E8:B3:AB:E1:69:46,EN0010000209 V2.1-080529 2.66 BWRY F52H,"[+]led,E8:B3:AB:E1:69:46"
210,EN0010000210,F52H,E7:8D:47:1E:96:E7,EN0010000210 V2.1-080529 2.66 BWRY F52H,"[+]led,E7:8D:47:1E:96:E7"
211,EN0010000211,F52H,C1:01:C3:BF:FD:36,EN0010000211 V2.1-080529 2.66 BWRY F52H,"[+]led,C1:01:C3:BF:FD:36"
212,EN0010000212,F52H,C6:9A:33:FF:41:41,EN0010000212 V2.1-080529 2.66 BWRY F52H,"[+]led,C6:9A:33:FF:41:41"
213,EN0010000213,F52H,D2:DF:ED:08:37:39,EN0010000213 V2.1-080529 2.66 BWRY F52H,"[+]led,D2:DF:ED:08:37:39"
214,EN0010000214,F52H,C7:53:DF:73:1F:2E,EN0010000214 V2.1-080529 2.66 BWRY F52H,"[+]led,C7:53:DF:73:1F:2E"
215,EN0010000215,F52H,EB:6A:D2:4D:88:1F,EN0010000215 V2.1-080529 2.66 BWRY F52H,"[+]led,EB:6A:D2:4D:88:1F"
216,EN0010000216,F52H,D4:02:FF:FC:E3:EC,EN0010000216 V2.1-080529 2.66 BWRY F52H,"[+]led,D4:02:FF:FC:E3:EC"
217,EN0010000217,F52H,FA:D4:9C:2E:70:82,EN0010000217 V2.1-080529 2.66 BWRY F52H,"[+]led,FA:D4:9C:2E:70:82"
218,EN0010000218,F52H,D1:27:E8:DB:A3:0E,EN0010000218 V2.1-080529 2.66 BWRY F52H,"[+]led,D1:27:E8:DB:A3:0E"
219,EN0010000219,F52H,F8:79:18:7C:FB:86,EN0010000219 V2.1-080529 2.66 BWRY F52H,"[+]led,F8:79:18:7C:FB:86"
220,EN0010000220,F52H,F8:F9:91:B6:81:0C,EN0010000220 V2.1-080529 2.66 BWRY F52H,"[+]led,F8:F9:91:B6:81:0C"
221,EN0010000221,F52H,D4:0E:2E:1A:4A:EE,EN0010000221 V2.1-080529 2.66 BWRY F52H,"[+]led,D4:0E:2E:1A:4A:EE"
222,EN0010000222,F52H,C1:E6:F1:9F:C3:71,EN0010000222 V2.1-080529 2.66 BWRY F52H,"[+]led,C1:E6:F1:9F:C3:71"
223,EN0010000223,F52H,DB:62:A5:7E:C8:7A,EN0010000223 V2.1-080529 2.66 BWRY F52H,"[+]led,DB:62:A5:7E:C8:7A"
224,EN0010000224,F52H,FB:26:9B:A8:05:77,EN0010000224 V2.1-080529 2.66 BWRY F52H,"[+]led,FB:26:9B:A8:05:77"
225,EN0010000225,F52H,FC:6C:F1:E3:3D:EA,EN0010000225 V2.1-080529 2.66 BWRY F52H,"[+]led,FC:6C:F1:E3:3D:EA"
226,EN0010000226,F52H,FE:DC:5D:14:60:AB,EN0010000226 V2.1-080529 2.66 BWRY F52H,"[+]led,FE:DC:5D:14:60:AB"
227,EN0010000227,F52H,EC:7F:7B:2E:3E:76,EN0010000227 V2.1-080529 2.66 BWRY F52H,"[+]led,EC:7F:7B:2E:3E:76"
228,EN0010000228,F52H,C5:9C:91:B0:A2:AF,EN0010000228 V2.1-080529 2.66 BWRY F52H,"[+]led,C5:9C:91:B0:A2:AF"
229,EN0010000229,F52H,F5:05:CA:8E:FB:62,EN0010000229 V2.1-080529 2.66 BWRY F52H,"[+]led,F5:05:CA:8E:FB:62"
230,EN0010000230,F52H,CA:C5:E7:F7:5B:7A,EN0010000230 V2.1-080529 2.66 BWRY F52H,"[+]led,CA:C5:E7:F7:5B:7A"
231,EN0010000231,F52H,F6:9A:BA:4C:C8:D8,EN0010000231 V2.1-080529 2.66 BWRY F52H,"[+]led,F6:9A:BA:4C:C8:D8"
232,EN0010000232,F52H,C7:80:BA:0F:83:8E,EN0010000232 V2.1-080529 2.66 BWRY F52H,"[+]led,C7:80:BA:0F:83:8E"
233,EN0010000233,F52H,CD:A1:32:81:8E:86,EN0010000233 V2.1-080529 2.66 BWRY F52H,"[+]led,CD:A1:32:81:8E:86"
234,EN0010000234,F52H,E3:2A:97:CA:2B:F7,EN0010000234 V2.1-080529 2.66 BWRY F52H,"[+]led,E3:2A:97:CA:2B:F7"
235,EN0010000235,F52H,F6:F1:C9:42:CD:DF,EN0010000235 V2.1-080529 2.66 BWRY F52H,"[+]led,F6:F1:C9:42:CD:DF"
236,EN0010000236,F52H,D0:A5:CC:75:0D:E3,EN0010000236 V2.1-080529 2.66 BWRY F52H,"[+]led,D0:A5:CC:75:0D:E3"
237,EN0010000237,F52H,E9:ED:71:2D:AA:86,EN0010000237 V2.1-080529 2.66 BWRY F52H,"[+]led,E9:ED:71:2D:AA:86"
238,EN0010000238,F52H,F5:9D:FD:E6:BA:7D,EN0010000238 V2.1-080529 2.66 BWRY F52H,"[+]led,F5:9D:FD:E6:BA:7D"
239,EN0010000239,F52H,FD:17:FE:58:3F:CB,EN0010000239 V2.1-080529 2.66 BWRY F52H,"[+]led,FD:17:FE:58:3F:CB"
240,EN0010000240,F52H,FD:76:15:83:2F:1B,EN0010000240 V2.1-080529 2.66 BWRY F52H,"[+]led,FD:76:15:83:2F:1B"
241,EN0010000241,F52H,E4:CA:FD:0D:C5:FE,EN0010000241 V2.1-080529 2.66 BWRY F52H,"[+]led,E4:CA:FD:0D:C5:FE"
242,EN0010000242,F52H,F9:6F:C7:AB:F8:91,EN0010000242 V2.1-080529 2.66 BWRY F52H,"[+]led,F9:6F:C7:AB:F8:91"
243,EN0010000243,F52H,F4:02:B8:0C:0C:D2,EN0010000243 V2.1-080529 2.66 BWRY F52H,"[+]led,F4:02:B8:0C:0C:D2"
244,EN0010000244,F52H,F0:85:D9:47:21:6F,EN0010000244 V2.1-080529 2.66 BWRY F52H,"[+]led,F0:85:D9:47:21:6F"
245,EN0010000245,F52H,C5:12:AD:F9:4F:6F,EN0010000245 V2.1-080529 2.66 BWRY F52H,"[+]led,C5:12:AD:F9:4F:6F"
246,EN0010000246,F52H,F6:0C:1B:D1:CF:F5,EN0010000246 V2.1-080529 2.66 BWRY F52H,"[+]led,F6:0C:1B:D1:CF:F5"
247,EN0010000247,F52H,F4:AD:D5:49:D9:9E,EN0010000247 V2.1-080529 2.66 BWRY F52H,"[+]led,F4:AD:D5:49:D9:9E"
248,EN0010000248,F52H,FC:5A:D5:1B:EA:DA,EN0010000248 V2.1-080529 2.66 BWRY F52H,"[+]led,FC:5A:D5:1B:EA:DA"
249,EN0010000249,F52H,E9:EE:F2:98:23:5D,EN0010000249 V2.1-080529 2.66 BWRY F52H,"[+]led,E9:EE:F2:98:23:5D"
250,EN0010000250,F52H,CB:EE:8D:91:9E:63,EN0010000250 V2.1-080529 2.66 BWRY F52H,"[+]led,CB:EE:8D:91:9E:63"
251,EN0010000251,F52H,DB:64:E9:CA:E5:B3,EN0010000251 V2.1-080529 2.66 BWRY F52H,"[+]led,DB:64:E9:CA:E5:B3"
252,EN0010000252,F52H,FB:74:FC:BF:48:0E,EN0010000252 V2.1-080529 2.66 BWRY F52H,"[+]led,FB:74:FC:BF:48:0E"
253,EN0010000253,F52H,F7:BE:78:F1:CA:9C,EN0010000253 V2.1-080529 2.66 BWRY F52H,"[+]led,F7:BE:78:F1:CA:9C"
254,EN0010000254,F52H,F4:90:79:D4:52:A1,EN0010000254 V2.1-080529 2.66 BWRY F52H,"[+]led,F4:90:79:D4:52:A1"
255,EN0010000255,F52H,C0:E2:F7:DB:C6:9A,EN0010000255 V2.1-080529 2.66 BWRY F52H,"[+]led,C0:E2:F7:DB:C6:9A"
256,EN0010000256,F52H,E9:C9:7E:73:8C:43,EN0010000256 V2.1-080529 2.66 BWRY F52H,"[+]led,E9:C9:7E:73:8C:43"
257,EN0010000257,F52H,E7:48:36:C4:88:82,EN0010000257 V2.1-080529 2.66 BWRY F52H,"[+]led,E7:48:36:C4:88:82"
258,EN0010000258,F52H,C7:8D:19:8D:8B:6A,EN0010000258 V2.1-080529 2.66 BWRY F52H,"[+]led,C7:8D:19:8D:8B:6A"
259,EN0010000259,F52H,D8:FD:18:3F:A6:DB,EN0010000259 V2.1-080529 2.66 BWRY F52H,"[+]led,D8:FD:18:3F:A6:DB"
260,EN0010000260,F52H,F5:0E:04:E9:65:47,EN0010000260 V2.1-080529 2.66 BWRY F52H,"[+]led,F5:0E:04:E9:65:47"
261,EN0010000261,F52H,DF:FB:EA:D8:70:D5,EN0010000261 V2.1-080529 2.66 BWRY F52H,"[+]led,DF:FB:EA:D8:70:D5"
262,EN0010000262,F52H,D8:FD:D0:B4:9F:93,EN0010000262 V2.1-080529 2.66 BWRY F52H,"[+]led,D8:FD:D0:B4:9F:93"
263,EN0010000263,F52H,C4:42:7B:B8:77:AE,EN0010000263 V2.1-080529 2.66 BWRY F52H,"[+]led,C4:42:7B:B8:77:AE"
264,EN0010000264,F52H,C1:A5:4B:80:23:25,EN0010000264 V2.1-080529 2.66 BWRY F52H,"[+]led,C1:A5:4B:80:23:25"
265,EN0010000265,F52H,DC:EA:FE:1E:B3:3F,EN0010000265 V2.1-080529 2.66 BWRY F52H,"[+]led,DC:EA:FE:1E:B3:3F"
266,EN0010000266,F52H,D4:61:EF:27:94:F7,EN0010000266 V2.1-080529 2.66 BWRY F52H,"[+]led,D4:61:EF:27:94:F7"
267,EN0010000267,F52H,EA:DF:59:D5:FA:47,EN0010000267 V2.1-080529 2.66 BWRY F52H,"[+]led,EA:DF:59:D5:FA:47"
268,EN0010000268,F52H,CE:2C:42:51:C4:67,EN0010000268 V2.1-080529 2.66 BWRY F52H,"[+]led,CE:2C:42:51:C4:67"
269,EN0010000269,F52H,F4:5A:B3:64:25:B2,EN0010000269 V2.1-080529 2.66 BWRY F52H,"[+]led,F4:5A:B3:64:25:B2"
270,EN0010000270,F52H,DA:6B:DF:48:12:EC,EN0010000270 V2.1-080529 2.66 BWRY F52H,"[+]led,DA:6B:DF:48:12:EC"
271,EN0010000271,F52H,CD:A2:D5:D8:56:BA,EN0010000271 V2.1-080529 2.66 BWRY F52H,"[+]led,CD:A2:D5:D8:56:BA"
272,EN0010000272,F52H,D5:E0:D5:73:E5:0E,EN0010000272 V2.1-080529 2.66 BWRY F52H,"[+]led,D5:E0:D5:73:E5:0E"
273,EN0010000273,F52H,E6:F4:E9:41:50:61,EN0010000273 V2.1-080529 2.66 BWRY F52H,"[+]led,E6:F4:E9:41:50:61"
274,EN0010000274,F52H,C3:83:41:58:15:6E,EN0010000274 V2.1-080529 2.66 BWRY F52H,"[+]led,C3:83:41:58:15:6E"
275,EN0010000275,F52H,FD:97:B5:87:A6:CD,EN0010000275 V2.1-080529 2.66 BWRY F52H,"[+]led,FD:97:B5:87:A6:CD"
276,EN0010000276,F52H,EE:56:13:2E:11:FE,EN0010000276 V2.1-080529 2.66 BWRY F52H,"[+]led,EE:56:13:2E:11:FE"
277,EN0010000277,F52H,E4:38:F3:B8:B5:D6,EN0010000277 V2.1-080529 2.66 BWRY F52H,"[+]led,E4:38:F3:B8:B5:D6"
278,EN0010000278,F52H,EA:C3:9F:E7:2E:D1,EN0010000278 V2.1-080529 2.66 BWRY F52H,"[+]led,EA:C3:9F:E7:2E:D1"
279,EN0010000279,F52H,F4:AB:47:FC:3B:BC,EN0010000279 V2.1-080529 2.66 BWRY F52H,"[+]led,F4:AB:47:FC:3B:BC"
280,EN0010000280,F52H,FE:CB:F1:22:09:4A,EN0010000280 V2.1-080529 2.66 BWRY F52H,"[+]led,FE:CB:F1:22:09:4A"
281,EN0010000281,F52H,F5:7C:77:F2:63:48,EN0010000281 V2.1-080529 2.66 BWRY F52H,"[+]led,F5:7C:77:F2:63:48"
282,EN0010000282,F52H,C6:81:F5:5B:62:AB,EN0010000282 V2.1-080529 2.66 BWRY F52H,"[+]led,C6:81:F5:5B:62:AB"
283,EN0010000283,F52H,FA:CF:FE:1E:33:2D,EN0010000283 V2.1-080529 2.66 BWRY F52H,"[+]led,FA:CF:FE:1E:33:2D"
284,EN0010000284,F52H,DD:CB:9E:66:53:9F,EN0010000284 V2.1-080529 2.66 BWRY F52H,"[+]led,DD:CB:9E:66:53:9F"
285,EN0010000285,F52H,F4:F9:F5:0A:2B:2D,EN0010000285 V2.1-080529 2.66 BWRY F52H,"[+]led,F4:F9:F5:0A:2B:2D"
286,EN0010000286,F52H,E4:8A:23:0A:9E:B4,EN0010000286 V2.1-080529 2.66 BWRY F52H,"[+]led,E4:8A:23:0A:9E:B4"
287,EN0010000287,F52H,F8:A4:8C:FB:17:A2,EN0010000287 V2.1-080529 2.66 BWRY F52H,"[+]led,F8:A4:8C:FB:17:A2"
288,EN0010000288,F52H,DF:5F:25:75:77:57,EN0010000288 V2.1-080529 2.66 BWRY F52H,"[+]led,DF:5F:25:75:77:57"
289,EN0010000289,F52H,D4:39:4F:C4:68:FE,EN0010000289 V2.1-080529 2.66 BWRY F52H,"[+]led,D4:39:4F:C4:68:FE"
290,EN0010000290,F52H,CA:EF:BF:4F:CC:78,EN0010000290 V2.1-080529 2.66 BWRY F52H,"[+]led,CA:EF:BF:4F:CC:78"
291,EN0010000291,F52H,DB:1C:FD:A5:F3:09,EN0010000291 V2.1-080529 2.66 BWRY F52H,"[+]led,DB:1C:FD:A5:F3:09"
292,EN0010000292,F52H,F0:64:EC:3F:69:69,EN0010000292 V2.1-080529 2.66 BWRY F52H,"[+]led,F0:64:EC:3F:69:69"
293,EN0010000293,F52H,D9:2A:93:2C:1A:04,EN0010000293 V2.1-080529 2.66 BWRY F52H,"[+]led,D9:2A:93:2C:1A:04"
294,EN0010000294,F52H,D2:2B:E6:50:FB:7E,EN0010000294 V2.1-080529 2.66 BWRY F52H,"[+]led,D2:2B:E6:50:FB:7E"
295,EN0010000295,F52H,C4:DF:F5:26:9D:CC,EN0010000295 V2.1-080529 2.66 BWRY F52H,"[+]led,C4:DF:F5:26:9D:CC"
296,EN0010000296,F52H,EC:58:F5:E9:03:BC,EN0010000296 V2.1-080529 2.66 BWRY F52H,"[+]led,EC:58:F5:E9:03:BC"
297,EN0010000297,F52H,F3:8B:CF:A6:3A:80,EN0010000297 V2.1-080529 2.66 BWRY F52H,"[+]led,F3:8B:CF:A6:3A:80"
298,EN0010000298,F52H,E2:28:25:0E:D6:55,EN0010000298 V2.1-080529 2.66 BWRY F52H,"[+]led,E2:28:25:0E:D6:55"
299,EN0010000299,F52H,C9:F7:E3:A3:7C:E6,EN0010000299 V2.1-080529 2.66 BWRY F52H,"[+]led,C9:F7:E3:A3:7C:E6"
300,EN0010000300,F52H,E1:EC:F4:F0:EF:D6,EN0010000300 V2.1-080529 2.66 BWRY F52H,"[+]led,E1:EC:F4:F0:EF:D6"
301,EN0010000301,F52H,EA:A8:FF:5E:A8:95,EN0010000301 V2.1-080529 2.66 BWRY F52H,"[+]led,EA:A8:FF:5E:A8:95"
302,EN0010000302,F52H,CF:DF:94:BF:0E:6C,EN0010000302 V2.1-080529 2.66 BWRY F52H,"[+]led,CF:DF:94:BF:0E:6C"
303,EN0010000303,F52H,DA:7E:50:38:25:EC,EN0010000303 V2.1-080529 2.66 BWRY F52H,"[+]led,DA:7E:50:38:25:EC"
304,EN0010000304,F52H,F2:EB:F7:0F:FB:86,EN0010000304 V2.1-080529 2.66 BWRY F52H,"[+]led,F2:EB:F7:0F:FB:86"
305,EN0010000305,F52H,D3:13:05:36:CA:1F,EN0010000305 V2.1-080529 2.66 BWRY F52H,"[+]led,D3:13:05:36:CA:1F"
306,EN0010000306,F52H,D6:F3:F1:9C:CB:CB,EN0010000306 V2.1-080529 2.66 BWRY F52H,"[+]led,D6:F3:F1:9C:CB:CB"
307,EN0010000307,F52H,F2:66:7C:B7:4F:EC,EN0010000307 V2.1-080529 2.66 BWRY F52H,"[+]led,F2:66:7C:B7:4F:EC"
308,EN0010000308,F52H,F4:AF:46:F1:A3:DC,EN0010000308 V2.1-080529 2.66 BWRY F52H,"[+]led,F4:AF:46:F1:A3:DC"
309,EN0010000309,F52H,F3:7E:EF:73:EB:39,EN0010000309 V2.1-080529 2.66 BWRY F52H,"[+]led,F3:7E:EF:73:EB:39"
310,EN0010000310,F52H,C7:51:9E:27:A0:0D,EN0010000310 V2.1-080529 2.66 BWRY F52H,"[+]led,C7:51:9E:27:A0:0D"
311,EN0010000311,F52H,FC:D2:E4:58:D7:1F,EN0010000311 V2.1-080529 2.66 BWRY F52H,"[+]led,FC:D2:E4:58:D7:1F"
312,EN0010000312,F52H,FD:A0:F9:65:D0:72,EN0010000312 V2.1-080529 2.66 BWRY F52H,"[+]led,FD:A0:F9:65:D0:72"
313,EN0010000313,F52H,F5:EE:FA:8C:E4:37,EN0010000313 V2.1-080529 2.66 BWRY F52H,"[+]led,F5:EE:FA:8C:E4:37"
314,EN0010000314,F52H,C2:B8:08:65:93:3B,EN0010000314 V2.1-080529 2.66 BWRY F52H,"[+]led,C2:B8:08:65:93:3B"
315,EN0010000315,F52H,F6:20:DC:A4:39:48,EN0010000315 V2.1-080529 2.66 BWRY F52H,"[+]led,F6:20:DC:A4:39:48"
